Provinsi;Fakor Perceraian - Perselisihan dan Pertengkaran Terus Menerus;Fakor Perceraian - Ekonomi;Fakor Perceraian - Jumlah
Aceh;4915;235;6086
Sumatera Utara;13709;465;15660
Sumatera Barat;6969;113;8036
Riau;7333;231;8617
Jambi;3931;157;4573
Sumatera Selatan;8311;574;10374
Bengkulu;3139;123;3641
Lampung;10099;2838;14038
Kepulauan Bangka Belitung;1453;452;2239
Kepulauan Riau;2658;170;3301
DKI Jakarta;9464;2452;14381
Jawa Barat;48812;37383;91146
Jawa Tengah;36618;23176;68133
DI Yogyakarta;3921;583;5187
Jawa Timur;35940;33572;79248
Banten;9671;3327;14133
Bali;886;34;1065
Nusa Tenggara Barat;4997;198;6766
Nusa Tenggara Timur;320;8;471
Kalimantan Barat;3750;312;4979
Kalimantan Tengah;2310;178;3147
Kalimantan Selatan;5517;330;6537
Kalimantan Timur;4708;766;6910
Kalimantan Utara;850;9;977
Sulawesi Utara;1296;76;1818
Sulawesi Tengah;2820;78;3581
Sulawesi Selatan;9856;399;12806
Sulawesi Tenggara;2748;57;3673
Gorontalo;1452;40;2062
Sulawesi Barat;712;33;1151
Maluku;632;8;793
Maluku Utara;857;10;1168
Papua Barat;285;69;494
Papua Barat Daya;...;...;...
Papua;889;32;1156
Papua Selatan;...;...;...
Papua Tengah;...;...;...
Papua Pegunungan;...;...;...
Indonesia;251828;108488;408347
;;;
Catatan;;;
<sup>1 </sup>Data yang akta cerainya sudah tercetak/<i>Data for which the divorce certificate has been printed</i>Data Provinsi Papua Barat mencakup Provinsi Papua Barat Daya/<i>Data of Papua Barat Province included Papua Barat Daya Province</i>Data Provinsi Papua mencakup Provinsi Papua Selatan;;;
